house_id,dwelling,dwelling_grade,household_m2,size_grade,bedrooms,years,old,heating_source,area_code,occupants,children,teenagers,adults,elders,ainc,adec,agauge,fulltimers,parttimers,grads,postgrads,education_index,income,recycling,energy_class,thermostats,water_heater,smart_plugs,awareness,start,end,days,kwhs,kwh/day,kwh/day/m2,hdd,cdd
1,Appartment,0.0,36,0.0,1.0,0 - 5,0.0,No,11251,1,0,0,1,0,0.9,0.75,1.0,1,0,1,0,0.9444444444,"10,001€ - 20,000€",Often or Always,Sometimes,Often or Always,No,Rarely,Rarely,2021-09-09,2022-01-12,125,378.0,3.024,0.084,227.883,67.071
1,Appartment,0.0,36,0.0,1.0,0 - 5,0.0,No,11251,1,0,0,1,0,0.9,0.75,1.0,1,0,1,0,0.9444444444,"10,001€ - 20,000€",Often or Always,Sometimes,Often or Always,No,Rarely,Rarely,2021-06-16,2021-09-09,85,237.0,2.788235294,0.07745098039,0.0,610.892
2,Appartment,0.0,95,0.4,2.0,6 - 15,0.33,No,14122,4,1,1,2,0,3.05,3.4,3.25,2,0,2,1,0.9722222222,"άνω των 60,0001€",Often or Always,Often or Always,Often or Always,Yes,Rarely,Sometimes,2020-09-11,2021-01-14,125,1440.0,11.52,0.1212631579,56.042,114.238
2,Appartment,0.0,95,0.4,2.0,6 - 15,0.33,No,14122,4,1,1,2,0,3.05,3.4,3.25,2,0,2,1,0.9722222222,"άνω των 60,0001€",Often or Always,Often or Always,Often or Always,Yes,Rarely,Sometimes,2021-05-14,2021-09-12,121,1150.0,9.504132231,0.1000434972,0.379,537.675
3,Appartment,0.0,80,0.2,2.0,6 - 15,0.33,No,17124,3,1,0,2,0,2.3,2.5,2.5,2,0,2,1,0.9722222222,"40,000€ - 60,000€",Sometimes,Often or Always,Rarely,No,Rarely,Sometimes,2021-10-25,2022-02-22,120,1135.0,9.458333333,0.1182291667,313.483,1.625
4,Appartment,0.0,48,0.0,1.0,0 - 5,0.0,No,17562,2,0,0,2,0,1.8,1.5,2.0,2,0,2,1,0.9722222222,"20,001€ - 40,000€",Sometimes,Rarely,Often or Always,Yes,Rarely,Sometimes,2021-10-12,2022-02-10,121,575.0,4.752066116,0.09900137741,261.622,1.987
4,Appartment,0.0,48,0.0,1.0,0 - 5,0.0,No,17562,2,0,0,2,0,1.8,1.5,2.0,2,0,2,1,0.9722222222,"20,001€ - 40,000€",Sometimes,Rarely,Often or Always,Yes,Rarely,Sometimes,2021-04-11,2021-06-10,60,224.0,3.733333333,0.07777777778,7.029,56.721
5,Family House,1.0,92,0.4,2.0,30+,1.0,No,38222,2,0,0,1,1,1.9,1.25,1.75,0,0,0,0,0.8333333333,"0 - 10,000€",Rarely,Rarely,Often or Always,Yes,Rarely,Rarely,2021-11-18,2022-01-20,63,806.0,12.79365079,0.1390614217,336.435,0.0
5,Family House,1.0,92,0.4,2.0,30+,1.0,No,38222,2,0,0,1,1,1.9,1.25,1.75,0,0,0,0,0.8333333333,"0 - 10,000€",Rarely,Rarely,Often or Always,Yes,Rarely,Rarely,2021-05-19,2021-07-15,57,580.0,10.1754386,0.1106025934,0.358,274.304
6,Appartment,0.0,100,0.4,3.0,16 - 30,0.66,No,41223,4,0,1,3,0,3.45,3.15,3.75,1,1,2,0,0.9074074074,"20,001€ - 40,000€",Rarely,Often or Always,Often or Always,No,Rarely,Rarely,2021-08-28,2022-01-04,129,696.0,5.395348837,0.05395348837,399.767,91.971
6,Appartment,0.0,100,0.4,3.0,16 - 30,0.66,No,41223,4,0,1,3,0,3.45,3.15,3.75,1,1,2,0,0.9074074074,"20,001€ - 40,000€",Rarely,Often or Always,Often or Always,No,Rarely,Rarely,2021-05-15,2021-08-19,96,587.0,6.114583333,0.06114583333,2.2,563.675
7,Appartment,0.0,120,0.6,3.0,0 - 5,0.0,No,42131,4,0,1,1,0,1.65,1.65,1.75,2,0,1,0,0.9444444444,"10,001€ - 20,000€",Sometimes,Often or Always,Often or Always,Yes,Rarely,Rarely,2021-10-15,2022-02-14,122,850.0,6.967213115,0.05806010929,718.714,0.754
7,Appartment,0.0,120,0.6,3.0,0 - 5,0.0,No,42131,4,0,1,1,0,1.65,1.65,1.75,2,0,1,0,0.9444444444,"10,001€ - 20,000€",Sometimes,Often or Always,Often or Always,Yes,Rarely,Rarely,2021-06-15,2021-10-14,121,2.0,0.0173553719,0.0001446280992,10.188,625.179
8,Appartment,0.0,94,0.4,3.0,0 - 5,0.0,No,42131,5,0,3,2,0,4.05,4.2,4.25,2,1,2,0,0.9444444444,"20,001€ - 40,000€",Often or Always,Often or Always,Often or Always,Yes,Sometimes,Sometimes,2022-01-14,2022-03-14,59,1848.0,31.3220339,0.3332131266,393.09,0.0
8,Appartment,0.0,94,0.4,3.0,0 - 5,0.0,No,42131,5,0,3,2,0,4.05,4.2,4.25,2,1,2,0,0.9444444444,"20,001€ - 40,000€",Often or Always,Often or Always,Often or Always,Yes,Sometimes,Sometimes,2021-06-14,2021-08-14,61,1589.0,26.04918033,0.2771189397,0.113,466.2
9,Appartment,0.0,142,0.8,3.0,30+,1.0,No,54248,3,0,0,3,0,2.7,2.25,3.0,2,0,2,0,0.9074074074,"20,001€ - 40,000€",Often or Always,Sometimes,Often or Always,No,Rarely,Rarely,2021-08-02,2021-12-01,121,1674.0,13.83471074,0.09742754045,106.912,288.417
9,Appartment,0.0,142,0.8,3.0,30+,1.0,No,54248,3,0,0,3,0,2.7,2.25,3.0,2,0,2,0,0.9074074074,"20,001€ - 40,000€",Often or Always,Sometimes,Often or Always,No,Rarely,Rarely,2021-08-02,2021-12-01,121,1674.0,13.83471074,0.09742754045,106.912,288.417
10,Appartment,0.0,45,0.0,1.0,30+,1.0,No,54248,1,0,0,1,0,0.9,0.75,1.0,0,0,1,0,0.9444444444,"0 - 10,000€",Often or Always,Sometimes,Often or Always,No,Rarely,Rarely,2021-10-25,2022-02-23,121,168.0,1.388429752,0.03085399449,691.968,0.0
11,Appartment,0.0,45,0.0,1.0,30+,1.0,No,54248,1,0,0,1,0,0.9,0.75,1.0,0,0,1,0,0.9444444444,"0 - 10,000€",Often or Always,Sometimes,Often or Always,No,Rarely,Rarely,2021-06-24,2021-07-26,32,42.0,1.3125,0.02916666667,0.0,252.975
12,Appartment,0.0,60,0.0,2.0,16 - 30,0.66,No,54248,1,0,0,1,0,0.9,0.75,1.0,1,0,1,1,1.0,"10,001€ - 20,000€",Often or Always,Sometimes,Often or Always,No,Rarely,Rarely,2021-10-01,2021-12-28,88,137.0,1.556818182,0.0259469697,303.325,0.492
13,Appartment,0.0,85,0.4,2.0,0 - 5,0.0,No,54248,1,0,0,1,0,0.9,0.75,1.0,1,0,1,1,1.0,"10,001€ - 20,000€",Rarely,Sometimes,Often or Always,No,Rarely,Rarely,2022-01-01,2022-02-28,58,1500.0,25.86206897,0.3042596349,418.458,0.0
13,Appartment,0.0,85,0.4,2.0,0 - 5,0.0,No,54248,1,0,0,1,0,0.9,0.75,1.0,1,0,1,1,1.0,"10,001€ - 20,000€",Rarely,Sometimes,Often or Always,No,Rarely,Rarely,2021-05-01,2021-07-31,91,900.0,9.89010989,0.116354234,0.687,401.279
14,Appartment,0.0,68,0.2,2.0,6 - 15,0.33,Yes,54249,1,0,0,1,0,0.9,0.75,1.0,1,0,1,1,1.0,"10,001€ - 20,000€",Sometimes,Often or Always,Often or Always,No,Rarely,Sometimes,2021-08-24,2021-12-27,125,1058.0,8.464,0.1244705882,308.996,87.908
14,Appartment,0.0,68,0.2,2.0,6 - 15,0.33,Yes,54249,1,0,0,1,0,0.9,0.75,1.0,1,0,1,1,1.0,"10,001€ - 20,000€",Sometimes,Often or Always,Often or Always,No,Rarely,Sometimes,2021-04-22,2021-08-23,123,312.0,2.536585366,0.03730272597,15.133,472.571
15,Appartment,0.0,95,0.4,2.0,6 - 15,0.33,No,54250,2,0,0,2,0,1.8,1.5,2.0,2,0,2,1,0.9722222222,"20,001€ - 40,000€",Often or Always,Often or Always,Often or Always,No,Rarely,Sometimes,2020-09-12,2021-01-21,131,1630.0,12.44274809,0.1309762957,381.638,50.367
16,Appartment,0.0,95,0.4,2.0,6 - 15,0.33,No,54250,2,0,0,2,0,1.8,1.5,2.0,2,0,2,1,0.9722222222,"20,001€ - 40,000€",Often or Always,Often or Always,Often or Always,No,Rarely,Sometimes,2021-05-25,2021-09-22,120,1798.0,14.98333333,0.1577192982,0.129,541.021
17,Appartment,0.0,57,0.0,1.0,6 - 15,0.33,Yes,54351,1,0,0,2,0,1.8,1.5,2.0,0,0,1,0,0.8888888889,"20,001€ - 40,000€",Sometimes,Sometimes,Often or Always,No,Rarely,Sometimes,2022-01-21,2022-02-17,27,248.0,9.185185185,0.1611435997,199.133,0.0
17,Appartment,0.0,57,0.0,1.0,6 - 15,0.33,Yes,54351,1,0,0,2,0,1.8,1.5,2.0,0,0,1,0,0.8888888889,"20,001€ - 40,000€",Sometimes,Sometimes,Often or Always,No,Rarely,Sometimes,2021-06-08,2021-08-23,76,290.0,3.815789474,0.06694367498,0.0,444.287
18,Appartment,0.0,103,0.6,3.0,6 - 15,0.33,No,54352,4,1,1,2,0,3.05,3.4,3.25,2,0,2,1,0.9722222222,"20,001€ - 40,000€",Often or Always,Often or Always,Often or Always,No,Rarely,Rarely,2021-08-31,2021-12-13,104,1571.0,15.10576923,0.1466579537,180.287,54.146
19,Appartment,0.0,103,0.6,3.0,6 - 15,0.33,No,54352,4,1,1,2,0,3.05,3.4,3.25,2,0,2,1,0.9722222222,"20,001€ - 40,000€",Often or Always,Often or Always,Often or Always,No,Rarely,Rarely,2021-04-12,2021-08-12,122,2133.0,17.48360656,0.169743753,42.638,410.808
20,Appartment,0.0,65,0.2,1.0,30+,1.0,Yes,54352,2,0,0,2,0,1.8,1.5,2.0,2,0,2,2,1.0,"20,001€ - 40,000€",Rarely,Sometimes,Sometimes,No,Rarely,Rarely,2021-09-20,2022-01-19,121,3350.0,27.68595041,0.4259376987,509.478,11.771
20,Appartment,0.0,65,0.2,1.0,30+,1.0,Yes,54352,2,0,0,2,0,1.8,1.5,2.0,2,0,2,2,1.0,"20,001€ - 40,000€",Rarely,Sometimes,Sometimes,No,Rarely,Rarely,2021-05-19,2021-09-19,123,1251.0,10.17073171,0.1564727955,0.388,540.075
21,Appartment,0.0,60,0.0,2.0,16 - 30,0.66,No,54453,2,0,0,2,0,1.8,1.5,2.0,0,0,0,0,0.8333333333,"20,001€ - 40,000€",Often or Always,Sometimes,Often or Always,No,Rarely,Rarely,2021-11-13,2022-03-10,117,249.0,2.128205128,0.03547008547,779.528,0.0
21,Appartment,0.0,60,0.0,2.0,16 - 30,0.66,No,54453,2,0,0,2,0,1.8,1.5,2.0,0,0,0,0,0.8333333333,"20,001€ - 40,000€",Often or Always,Sometimes,Often or Always,No,Rarely,Rarely,2021-07-12,2021-11-12,123,530.0,4.308943089,0.07181571816,52.687,379.267
22,Appartment,0.0,70,0.2,2.0,6 - 15,0.33,No,54453,4,2,0,2,0,2.8,3.5,3.0,1,0,0,0,0.8333333333,"0 - 10,000€",Sometimes,Often or Always,Often or Always,No,Often or Always,Sometimes,2021-12-03,2022-03-04,91,1021.0,11.21978022,0.1602825746,682.981,0.0
23,Appartment,0.0,70,0.2,2.0,6 - 15,0.33,No,54453,4,2,0,2,0,2.8,3.5,3.0,1,0,0,0,0.8333333333,"0 - 10,000€",Sometimes,Often or Always,Often or Always,No,Often or Always,Sometimes,2021-06-02,2021-10-08,128,1021.0,7.9765625,0.1139508929,1.125,538.271
24,Appartment,0.0,48,0.0,1.0,30+,1.0,Yes,54453,3,0,1,1,0,1.65,1.65,1.75,1,0,0,0,0.8333333333,"10,001€ - 20,000€",Often or Always,Often or Always,Often or Always,No,Rarely,Rarely,2022-01-14,2022-02-23,40,482.0,12.05,0.2510416667,312.712,0.0
25,Appartment,0.0,48,0.0,1.0,30+,1.0,Yes,54453,3,0,1,1,0,1.65,1.65,1.75,1,0,0,0,0.8333333333,"10,001€ - 20,000€",Often or Always,Often or Always,Often or Always,No,Rarely,Rarely,2021-08-09,2021-10-09,61,582.0,9.540983607,0.1987704918,1.063,178.933
26,Appartment,0.0,50,0.0,1.0,0 - 5,0.0,Yes,54453,4,1,1,2,0,3.05,3.4,3.25,1,1,0,0,0.8333333333,"10,001€ - 20,000€",Sometimes,Often or Always,Often or Always,No,Rarely,Sometimes,2021-10-06,2022-02-03,120,1719.0,14.325,0.2865,614.137,0.0
27,Appartment,0.0,110,0.6,3.0,6 - 15,0.33,No,54454,4,2,0,2,0,2.8,3.5,3.0,1,0,1,0,0.8888888889,"20,001€ - 40,000€",Often or Always,Often or Always,Often or Always,Yes,Rarely,Rarely,2021-10-01,2022-01-31,122,2234.0,18.31147541,0.1664679583,598.774,0.188
28,Appartment,0.0,107,0.6,2.0,30+,1.0,Yes,54454,2,0,0,1,1,1.9,1.25,1.75,0,0,1,0,0.8888888889,"20,001€ - 40,000€",Rarely,Rarely,Often or Always,No,Rarely,Rarely,2021-10-08,2022-02-07,122,2747.0,22.51639344,0.2104335836,638.112,0.0
29,Appartment,0.0,87,0.4,2.0,0 - 5,0.0,Yes,54454,4,0,1,3,0,3.45,3.15,3.75,2,1,2,0,0.9074074074,"10,001€ - 20,000€",Often or Always,Often or Always,Often or Always,Yes,Often or Always,Sometimes,2021-10-08,2022-02-12,127,1196.0,9.417322835,0.1082450901,669.646,0.0
29,Appartment,0.0,87,0.4,2.0,0 - 5,0.0,Yes,54454,4,0,1,3,0,3.45,3.15,3.75,2,1,2,0,0.9074074074,"10,001€ - 20,000€",Often or Always,Often or Always,Often or Always,Yes,Often or Always,Sometimes,2021-06-08,2021-10-07,121,974.0,8.049586777,0.09252398594,1.008,532.196
30,Appartment,0.0,65,0.2,2.0,0 - 5,0.0,No,54622,2,0,0,2,0,1.8,1.5,2.0,1,0,1,0,0.8888888889,"0 - 10,000€",Rarely,Rarely,Often or Always,No,Rarely,Rarely,2021-09-29,2022-01-31,124,833.0,6.717741935,0.1033498759,598.774,0.188
31,Appartment,0.0,65,0.2,2.0,0 - 5,0.0,No,54622,2,0,0,2,0,1.8,1.5,2.0,1,0,1,0,0.8888888889,"0 - 10,000€",Rarely,Rarely,Often or Always,No,Rarely,Rarely,2020-06-26,2020-08-13,48,204.0,4.25,0.06538461538,0.0,226.296
32,Appartment,0.0,100,0.4,2.0,6 - 15,0.33,Yes,54634,4,1,1,2,0,3.05,3.4,3.25,1,1,0,0,0.8333333333,"άνω των 60,0001€",Often or Always,Often or Always,Often or Always,No,Sometimes,Rarely,2021-01-05,2021-05-05,120,4800.0,40.0,0.4,643.988,2.221
33,Semidetached,0.7,100,0.4,2.0,6 - 15,0.33,Yes,54634,3,0,0,3,0,2.7,2.25,3.0,2,0,0,0,0.8333333333,"20,001€ - 40,000€",Often or Always,Sometimes,Sometimes,Yes,Rarely,Rarely,2022-01-01,2022-01-31,30,350.0,11.66666667,0.1166666667,268.999,0.0
34,Semidetached,0.7,360,1.0,4.0,6 - 15,0.33,Yes,54634,4,0,1,3,0,3.45,3.15,3.75,2,0,2,2,0.9444444444,"10,001€ - 20,000€",Often or Always,Sometimes,Sometimes,Yes,Rarely,Rarely,2021-09-01,2021-09-30,29,400.0,13.79310345,0.03831417625,0.496,50.088
35,Appartment,0.0,62,0.2,2.0,0 - 5,0.0,No,54635,2,0,0,2,0,1.8,1.5,2.0,0,0,0,0,0.8333333333,"0 - 10,000€",Rarely,Rarely,Rarely,No,Rarely,Rarely,2021-09-07,2022-01-06,121,524.0,4.330578512,0.06984804052,382.179,35.262
35,Appartment,0.0,62,0.2,2.0,0 - 5,0.0,No,54635,2,0,0,2,0,1.8,1.5,2.0,0,0,0,0,0.8333333333,"0 - 10,000€",Rarely,Rarely,Rarely,No,Rarely,Rarely,2021-01-08,2021-05-06,118,558.0,4.728813559,0.07627118644,632.363,3.488
36,Appartment,0.0,110,0.6,2.0,6 - 15,0.33,Yes,54635,2,0,0,2,0,1.8,1.5,2.0,2,0,1,1,0.9166666667,"40,000€ - 60,000€",Rarely,Often or Always,Often or Always,Yes,Sometimes,Rarely,2021-12-10,2022-02-10,62,960.0,15.48387097,0.1407624633,501.894,0.0
37,Appartment,0.0,110,0.6,2.0,6 - 15,0.33,Yes,54635,2,0,0,2,0,1.8,1.5,2.0,2,0,1,1,0.9166666667,"40,000€ - 60,000€",Rarely,Often or Always,Often or Always,Yes,Sometimes,Rarely,2021-07-10,2021-09-10,62,1200.0,19.35483871,0.1759530792,0.0,358.738
38,Appartment,0.0,58,0.0,1.0,6 - 15,0.33,No,54636,2,0,0,2,0,1.8,1.5,2.0,2,0,2,2,1.0,"20,001€ - 40,000€",Sometimes,Sometimes,Often or Always,No,Rarely,Sometimes,2021-10-19,2022-02-17,121,473.0,3.909090909,0.06739811912,755.375,0.0
38,Appartment,0.0,58,0.0,1.0,6 - 15,0.33,No,54636,2,0,0,2,0,1.8,1.5,2.0,2,0,2,2,1.0,"20,001€ - 40,000€",Sometimes,Sometimes,Often or Always,No,Rarely,Sometimes,2021-06-17,2021-10-19,124,263.0,2.120967742,0.03656840934,26.442,510.792
39,Appartment,0.0,84,0.4,2.0,30+,1.0,No,54636,2,0,0,2,0,1.8,1.5,2.0,2,0,2,2,1.0,"20,001€ - 40,000€",Often or Always,Often or Always,Often or Always,No,Rarely,Sometimes,2021-09-14,2022-01-17,125,478.0,3.824,0.04552380952,549.289,28.087
40,Appartment,0.0,66,0.2,2.0,0 - 5,0.0,No,54636,2,0,0,2,0,1.8,1.5,2.0,0,0,0,0,0.8333333333,"10,001€ - 20,000€",Often or Always,Often or Always,Often or Always,No,Rarely,Sometimes,2021-10-02,2022-01-02,92,697.0,7.576086957,0.1147891963,393.031,0.012
41,Appartment,0.0,35,0.0,2.0,0 - 5,0.0,Yes,54636,6,0,0,5,1,5.5,4.25,5.75,3,2,3,0,0.8888888889,"0 - 10,000€",Rarely,Sometimes,Often or Always,No,Rarely,Rarely,2021-09-23,2022-01-22,121,323.0,2.669421488,0.07626918536,599.031,5.642
42,Appartment,0.0,54,0.0,1.0,6 - 15,0.33,Yes,54636,1,0,0,1,0,0.9,0.75,1.0,0,0,0,0,0.8333333333,"20,001€ - 40,000€",Often or Always,Often or Always,Often or Always,No,Rarely,Rarely,2021-09-20,2022-01-19,121,621.0,5.132231405,0.09504132231,571.704,11.929
42,Appartment,0.0,54,0.0,1.0,6 - 15,0.33,Yes,54636,1,0,0,1,0,0.9,0.75,1.0,0,0,0,0,0.8333333333,"20,001€ - 40,000€",Often or Always,Often or Always,Often or Always,No,Rarely,Rarely,2021-05-20,2021-09-19,122,261.0,2.139344262,0.03961748634,2.587,530.908
43,Appartment,0.0,75,0.2,2.0,16 - 30,0.66,Yes,54636,2,0,0,2,0,1.8,1.5,2.0,0,0,0,0,0.8333333333,"20,001€ - 40,000€",Often or Always,Sometimes,Often or Always,No,Rarely,Sometimes,2021-12-10,2022-02-11,63,4245.0,67.38095238,0.8984126984,530.535,0.0
44,Appartment,0.0,56,0.0,2.0,16 - 30,0.66,No,54639,2,0,0,2,0,1.8,1.5,2.0,0,0,1,0,0.8888888889,"0 - 10,000€",Often or Always,Sometimes,Rarely,No,Sometimes,Rarely,2021-11-04,2022-03-02,118,597.0,5.059322034,0.09034503632,757.375,0.0
44,Appartment,0.0,56,0.0,2.0,16 - 30,0.66,No,54639,2,0,0,2,0,1.8,1.5,2.0,0,0,1,0,0.8888888889,"0 - 10,000€",Often or Always,Sometimes,Rarely,No,Sometimes,Rarely,2021-07-02,2021-11-03,124,342.0,2.758064516,0.04925115207,40.079,441.429
45,Appartment,0.0,105,0.6,3.0,6 - 15,0.33,No,54639,4,0,1,1,0,1.65,1.65,1.75,2,0,1,1,1.0,"20,001€ - 40,000€",Sometimes,Often or Always,Sometimes,No,Rarely,Sometimes,2021-11-26,2022-01-13,48,429.0,8.9375,0.08511904762,353.964,0.0
45,Appartment,0.0,105,0.6,3.0,6 - 15,0.33,No,54639,4,0,1,1,0,1.65,1.65,1.75,2,0,1,1,1.0,"20,001€ - 40,000€",Sometimes,Often or Always,Sometimes,No,Rarely,Sometimes,2021-11-26,2022-01-13,48,429.0,8.9375,0.08511904762,353.964,0.0
46,Appartment,0.0,90,0.4,2.0,30+,1.0,No,54639,2,0,0,2,0,1.8,1.5,2.0,1,0,2,0,0.9444444444,"20,001€ - 40,000€",Often or Always,Often or Always,Often or Always,No,Rarely,Sometimes,2021-09-10,2022-01-12,124,660.0,5.322580645,0.05913978495,435.415,33.904
46,Appartment,0.0,90,0.4,2.0,30+,1.0,No,54639,2,0,0,2,0,1.8,1.5,2.0,1,0,2,0,0.9444444444,"20,001€ - 40,000€",Often or Always,Often or Always,Often or Always,No,Rarely,Sometimes,2021-06-10,2021-09-12,94,420.0,4.468085106,0.04964539007,0.0,501.513
47,Semidetached,0.7,110,0.6,2.0,30+,1.0,Yes,54640,2,0,0,2,0,1.8,1.5,2.0,1,0,1,0,0.8888888889,"0 - 10,000€",Rarely,Sometimes,Often or Always,Yes,Rarely,Rarely,2021-08-25,2021-12-27,124,788.0,6.35483871,0.057771261,308.996,83.192
48,Semidetached,0.7,110,0.6,2.0,30+,1.0,Yes,54640,2,0,0,2,0,1.8,1.5,2.0,1,0,1,0,0.8888888889,"0 - 10,000€",Rarely,Sometimes,Often or Always,Yes,Rarely,Rarely,2021-05-25,2021-09-27,125,360.0,2.88,0.02618181818,0.625,545.125
49,Townhome,0.4,25,0.0,1.0,30+,1.0,Yes,54640,2,0,0,2,0,1.8,1.5,2.0,2,0,2,0,0.9444444444,"0 - 10,000€",Often or Always,Often or Always,Often or Always,No,Rarely,Sometimes,2021-08-23,2021-12-21,120,872.0,7.266666667,0.2906666667,248.462,93.063
49,Townhome,0.4,25,0.0,1.0,30+,1.0,Yes,54640,2,0,0,2,0,1.8,1.5,2.0,2,0,2,0,0.9444444444,"0 - 10,000€",Often or Always,Often or Always,Often or Always,No,Rarely,Sometimes,2021-08-23,2021-12-21,120,872.0,7.266666667,0.2906666667,248.462,93.063
50,Appartment,0.0,75,0.2,2.0,30+,1.0,No,54642,2,0,0,2,0,1.8,1.5,2.0,1,1,1,0,0.8888888889,"20,001€ - 40,000€",Often or Always,Sometimes,Often or Always,No,Rarely,Rarely,2021-08-25,2021-12-23,120,767.0,6.391666667,0.08522222222,271.562,83.192
51,Appartment,0.0,50,0.0,1.0,6 - 15,0.33,No,54642,1,0,0,1,0,0.9,0.75,1.0,0,0,0,0,0.8333333333,"10,001€ - 20,000€",Often or Always,Often or Always,Often or Always,No,Rarely,Rarely,2021-10-22,2022-02-21,122,196.0,1.606557377,0.03213114754,727.761,0.0
52,Appartment,0.0,50,0.0,,30+,1.0,Yes,54642,2,0,0,2,0,1.8,1.5,2.0,2,0,2,1,0.9722222222,"10,001€ - 20,000€",Often or Always,Often or Always,Often or Always,No,Rarely,Sometimes,2021-10-13,2022-02-13,123,2013.0,16.36585366,0.3273170732,678.768,0.0
52,Appartment,0.0,50,0.0,,30+,1.0,Yes,54642,2,0,0,2,0,1.8,1.5,2.0,2,0,2,1,0.9722222222,"10,001€ - 20,000€",Often or Always,Often or Always,Often or Always,No,Rarely,Sometimes,2021-06-12,2021-10-12,122,1634.0,13.39344262,0.2678688525,1.662,527.988
53,Appartment,0.0,49,0.0,1.0,30+,1.0,Yes,54642,2,0,0,2,0,1.8,1.5,2.0,1,1,2,1,0.9722222222,"10,001€ - 20,000€",Often or Always,Often or Always,Often or Always,No,Rarely,Sometimes,2021-06-13,2021-10-13,122,1680.0,13.7704918,0.281030445,2.542,526.987
53,Appartment,0.0,49,0.0,1.0,30+,1.0,Yes,54642,2,0,0,2,0,1.8,1.5,2.0,1,1,2,1,0.9722222222,"10,001€ - 20,000€",Often or Always,Often or Always,Often or Always,No,Rarely,Sometimes,2021-10-13,2022-02-13,123,2013.0,16.36585366,0.3339970134,678.768,0.0
54,Appartment,0.0,115,0.6,3.0,0 - 5,0.0,No,54643,2,0,0,2,0,1.8,1.5,2.0,1,0,2,0,0.9444444444,"10,001€ - 20,000€",Sometimes,Sometimes,Rarely,Yes,Rarely,Rarely,2021-10-25,2022-02-23,121,375.0,3.099173554,0.02694933525,741.243,0.0
55,Appartment,0.0,115,0.6,3.0,0 - 5,0.0,No,54643,2,0,0,2,0,1.8,1.5,2.0,1,0,2,0,0.9444444444,"10,001€ - 20,000€",Sometimes,Sometimes,Rarely,Yes,Rarely,Rarely,2021-07-25,2021-09-10,47,223.0,4.744680851,0.04125809436,0.0,267.179
56,Appartment,0.0,64,0.2,1.0,16 - 30,0.66,No,54646,2,0,0,2,0,1.8,1.5,2.0,2,0,2,2,1.0,"20,001€ - 40,000€",Often or Always,Often or Always,Often or Always,No,Rarely,Rarely,2020-11-11,2021-03-19,128,617.0,4.8203125,0.07531738281,714.879,0.0
56,Appartment,0.0,64,0.2,1.0,16 - 30,0.66,No,54646,2,0,0,2,0,1.8,1.5,2.0,2,0,2,2,1.0,"20,001€ - 40,000€",Often or Always,Often or Always,Often or Always,No,Rarely,Rarely,2020-07-17,2020-11-17,123,558.0,4.536585366,0.07088414634,31.446,311.046
57,Appartment,0.0,117,0.6,3.0,16 - 30,0.66,No,54648,3,0,0,3,0,2.7,2.25,3.0,2,0,1,0,0.8703703704,"20,001€ - 40,000€",Often or Always,Sometimes,Often or Always,Yes,Rarely,Sometimes,2021-09-14,2022-01-17,125,944.0,7.552,0.06454700855,488.471,26.575
57,Appartment,0.0,117,0.6,3.0,16 - 30,0.66,No,54648,3,0,0,3,0,2.7,2.25,3.0,2,0,1,0,0.8703703704,"20,001€ - 40,000€",Often or Always,Sometimes,Often or Always,Yes,Rarely,Sometimes,2021-08-14,2021-11-14,92,470.0,5.108695652,0.0436640654,60.062,142.571
58,Appartment,0.0,75,0.2,3.0,0 - 5,0.0,No,55131,2,0,0,2,0,1.8,1.5,2.0,1,0,2,1,0.9722222222,"10,001€ - 20,000€",Sometimes,Often or Always,Sometimes,No,Rarely,Sometimes,2021-11-01,2022-01-31,91,170.0,1.868131868,0.02490842491,568.299,0.0
58,Appartment,0.0,75,0.2,3.0,0 - 5,0.0,No,55131,2,0,0,2,0,1.8,1.5,2.0,1,0,2,1,0.9722222222,"10,001€ - 20,000€",Sometimes,Often or Always,Sometimes,No,Rarely,Sometimes,2021-06-01,2021-09-30,121,90.0,0.7438016529,0.009917355372,1.558,588.742
59,Townhome,0.4,100,0.4,3.0,16 - 30,0.66,No,55132,2,0,0,1,1,1.9,1.25,1.75,1,0,1,0,0.8888888889,"10,001€ - 20,000€",Often or Always,Sometimes,Often or Always,Yes,Rarely,Sometimes,2021-10-29,2022-02-25,119,1198.0,10.06722689,0.1006722689,741.5,0.0
59,Townhome,0.4,100,0.4,3.0,16 - 30,0.66,No,55132,2,0,0,1,1,1.9,1.25,1.75,1,0,1,0,0.8888888889,"10,001€ - 20,000€",Often or Always,Sometimes,Often or Always,Yes,Rarely,Sometimes,2021-06-28,2021-10-29,123,971.0,7.894308943,0.07894308943,35.337,503.321
60,Appartment,0.0,122,0.6,3.0,16 - 30,0.66,No,55132,2,0,0,2,0,1.8,1.5,2.0,1,1,1,1,0.9166666667,"10,001€ - 20,000€",Often or Always,Often or Always,Often or Always,Yes,Rarely,Sometimes,2021-11-05,2022-01-07,63,506.0,8.031746032,0.06583398387,354.389,0.0
60,Appartment,0.0,122,0.6,3.0,16 - 30,0.66,No,55132,2,0,0,2,0,1.8,1.5,2.0,1,1,1,1,0.9166666667,"10,001€ - 20,000€",Often or Always,Often or Always,Often or Always,Yes,Rarely,Sometimes,2021-07-08,2021-09-03,57,441.0,7.736842105,0.06341673857,0.0,383.95
61,Appartment,0.0,100,0.4,3.0,6 - 15,0.33,No,55132,4,0,0,4,0,3.6,3.0,4.0,2,0,2,1,0.9027777778,"40,000€ - 60,000€",Often or Always,Often or Always,Often or Always,No,Rarely,Sometimes,2022-01-06,2022-02-03,28,189.0,6.75,0.0675,240.651,0.0
61,Appartment,0.0,100,0.4,3.0,6 - 15,0.33,No,55132,4,0,0,4,0,3.6,3.0,4.0,2,0,2,1,0.9027777778,"40,000€ - 60,000€",Often or Always,Often or Always,Often or Always,No,Rarely,Sometimes,2021-06-04,2021-07-02,28,244.0,8.714285714,0.08714285714,0.0,120.821
62,Appartment,0.0,80,0.2,,0 - 5,0.0,Yes,55132,3,1,0,2,0,2.3,2.5,2.5,1,1,2,2,1.0,"10,001€ - 20,000€",Often or Always,Often or Always,Often or Always,No,Sometimes,Sometimes,2021-11-01,2022-01-31,91,300.0,3.296703297,0.04120879121,568.299,0.0
63,Appartment,0.0,87,0.4,2.0,30+,1.0,Yes,55132,4,0,0,4,0,3.6,3.0,4.0,1,1,3,0,0.9166666667,"10,001€ - 20,000€",Often or Always,Often or Always,Often or Always,Yes,Rarely,Sometimes,2021-12-10,2022-03-10,90,3450.0,38.33333333,0.4406130268,664.469,0.0
63,Appartment,0.0,87,0.4,2.0,30+,1.0,Yes,55132,4,0,0,4,0,3.6,3.0,4.0,1,1,3,0,0.9166666667,"10,001€ - 20,000€",Often or Always,Often or Always,Often or Always,Yes,Rarely,Sometimes,2021-07-10,2021-09-10,62,2200.0,35.48387097,0.4078605858,0.008,377.608
64,Appartment,0.0,86,0.4,4.0,30+,1.0,Yes,55132,1,0,0,1,0,0.9,0.75,1.0,0,0,0,0,0.8333333333,"0 - 10,000€",Often or Always,Often or Always,Often or Always,No,Rarely,Sometimes,2021-11-08,2022-03-07,119,1209.0,10.15966387,0.1181356263,769.315,0.0
65,Appartment,0.0,65,0.2,2.0,0 - 5,0.0,No,55133,3,0,0,3,0,2.7,2.25,3.0,1,2,2,0,0.9074074074,"10,001€ - 20,000€",Sometimes,Often or Always,Rarely,No,Rarely,Often or Always,2021-09-30,2021-10-17,17,52.0,3.058823529,0.04705882353,15.696,0.3
66,Appartment,0.0,80,0.2,2.0,30+,1.0,No,55133,1,0,0,1,0,0.9,0.75,1.0,1,0,1,1,1.0,"0 - 10,000€",Rarely,Often or Always,Often or Always,No,Rarely,Rarely,2021-12-09,2022-01-08,30,61.0,2.033333333,0.02541666667,253.814,0.0
66,Appartment,0.0,80,0.2,2.0,30+,1.0,No,55133,1,0,0,1,0,0.9,0.75,1.0,1,0,1,1,1.0,"0 - 10,000€",Rarely,Often or Always,Often or Always,No,Rarely,Rarely,2021-06-11,2021-07-13,32,71.0,2.21875,0.027734375,0.0,182.813
67,Appartment,0.0,50,0.0,1.0,6 - 15,0.33,Yes,55134,1,0,0,1,0,0.9,0.75,1.0,1,0,1,0,0.9444444444,"10,001€ - 20,000€",Sometimes,Sometimes,Sometimes,No,Rarely,Rarely,2021-12-23,2022-02-22,61,306.0,5.016393443,0.1003278689,480.714,0.0
67,Appartment,0.0,50,0.0,1.0,6 - 15,0.33,Yes,55134,1,0,0,1,0,0.9,0.75,1.0,1,0,1,0,0.9444444444,"10,001€ - 20,000€",Sometimes,Sometimes,Sometimes,No,Rarely,Rarely,2021-04-23,2021-08-24,123,505.0,4.105691057,0.08211382114,14.437,532.029
68,Appartment,0.0,49,0.0,1.0,6 - 15,0.33,No,55135,3,0,0,3,0,2.7,2.25,3.0,1,0,1,1,0.8888888889,"20,001€ - 40,000€",Sometimes,Sometimes,Often or Always,No,Rarely,Rarely,2021-09-01,2021-12-29,119,1309.0,11.0,0.2244897959,329.908,60.196
68,Appartment,0.0,49,0.0,1.0,6 - 15,0.33,No,55135,3,0,0,3,0,2.7,2.25,3.0,1,0,1,1,0.8888888889,"20,001€ - 40,000€",Sometimes,Sometimes,Often or Always,No,Rarely,Rarely,2021-04-28,2021-08-31,125,1542.0,12.336,0.251755102,5.325,567.971
69,Appartment,0.0,86,0.4,3.0,30+,1.0,No,55135,5,0,1,4,0,4.35,3.9,4.75,3,0,3,0,0.9166666667,"20,001€ - 40,000€",Often or Always,Sometimes,Often or Always,No,Rarely,Rarely,2020-11-26,2021-03-30,124,1805.0,14.55645161,0.1692610653,727.817,0.0
69,Appartment,0.0,86,0.4,3.0,30+,1.0,No,55135,5,0,1,4,0,4.35,3.9,4.75,3,0,3,0,0.9166666667,"20,001€ - 40,000€",Often or Always,Sometimes,Often or Always,No,Rarely,Rarely,2021-07-28,2021-11-28,123,1375.0,11.17886179,0.129986765,107.0,306.333
70,Semidetached,0.7,255,1.0,4.0,6 - 15,0.33,No,55236,3,1,0,2,0,2.3,2.5,2.5,2,0,2,1,0.9722222222,"20,001€ - 40,000€",Sometimes,Sometimes,Often or Always,No,Rarely,Often or Always,2021-09-27,2022-01-26,121,2267.0,18.73553719,0.07347269486,570.387,3.408
70,Semidetached,0.7,255,1.0,4.0,6 - 15,0.33,No,55236,3,1,0,2,0,2.3,2.5,2.5,2,0,2,1,0.9722222222,"20,001€ - 40,000€",Sometimes,Sometimes,Often or Always,No,Rarely,Often or Always,2021-07-30,2021-09-26,58,887.0,15.29310345,0.0599729547,1.3,285.55
71,Townhome,0.4,200,0.8,3.0,16 - 30,0.66,No,55236,4,0,0,3,1,3.7,2.75,3.75,1,1,3,0,0.9166666667,"20,001€ - 40,000€",Often or Always,Sometimes,Often or Always,No,Rarely,Rarely,2021-10-27,2022-02-24,120,1508.0,12.56666667,0.06283333333,741.282,0.0
71,Townhome,0.4,200,0.8,3.0,16 - 30,0.66,No,55236,4,0,0,3,1,3.7,2.75,3.75,1,1,3,0,0.9166666667,"20,001€ - 40,000€",Often or Always,Sometimes,Often or Always,No,Rarely,Rarely,2021-10-27,2022-02-24,120,1508.0,12.56666667,0.06283333333,741.282,0.0
72,Semidetached,0.7,225,1.0,2.0,16 - 30,0.66,No,55236,2,0,0,2,0,1.8,1.5,2.0,1,0,1,0,0.8888888889,"20,001€ - 40,000€",Often or Always,Often or Always,Rarely,No,Rarely,Rarely,2021-09-15,2022-01-15,122,2400.0,19.67213115,0.08743169399,474.404,32.183
72,Semidetached,0.7,225,1.0,2.0,16 - 30,0.66,No,55236,2,0,0,2,0,1.8,1.5,2.0,1,0,1,0,0.8888888889,"20,001€ - 40,000€",Often or Always,Often or Always,Rarely,No,Rarely,Rarely,2021-05-15,2021-09-15,123,3000.0,24.3902439,0.108401084,1.517,587.292
73,Family House,1.0,220,1.0,4.0,6 - 15,0.33,No,55236,2,0,0,2,0,1.8,1.5,2.0,2,0,2,1,0.9722222222,"10,001€ - 20,000€",Often or Always,Often or Always,Often or Always,No,Rarely,Sometimes,2022-01-01,2022-02-28,58,720.0,12.4137931,0.05642633229,449.703,0.0
73,Family House,1.0,220,1.0,4.0,6 - 15,0.33,No,55236,2,0,0,2,0,1.8,1.5,2.0,2,0,2,1,0.9722222222,"10,001€ - 20,000€",Often or Always,Often or Always,Often or Always,No,Rarely,Sometimes,2021-06-01,2021-07-30,59,770.0,13.05084746,0.0593220339,0.258,309.408
74,Family House,1.0,240,1.0,2.0,6 - 15,0.33,Yes,55236,3,1,0,2,0,2.3,2.5,2.5,1,1,2,2,1.0,"20,001€ - 40,000€",Often or Always,Sometimes,Often or Always,Yes,Rarely,Rarely,2021-09-13,2022-01-13,122,1463.0,11.99180328,0.04996584699,452.907,38.371
74,Family House,1.0,240,1.0,2.0,6 - 15,0.33,Yes,55236,3,1,0,2,0,2.3,2.5,2.5,1,1,2,2,1.0,"20,001€ - 40,000€",Often or Always,Sometimes,Often or Always,Yes,Rarely,Rarely,2020-09-10,2021-01-13,125,1412.0,11.296,0.04706666667,288.329,67.004
75,Family House,1.0,350,1.0,3.0,6 - 15,0.33,Yes,55236,4,0,2,2,0,3.3,3.3,3.5,0,0,1,0,0.8888888889,"10,001€ - 20,000€",Sometimes,Often or Always,Often or Always,No,Rarely,Rarely,2020-11-13,2021-01-14,62,2433.0,39.24193548,0.1121198157,274.662,0.0
76,Semidetached,0.7,112,0.6,3.0,16 - 30,0.66,Yes,55438,5,0,1,3,1,4.45,3.65,4.5,1,1,0,0,0.8333333333,"10,001€ - 20,000€",Often or Always,Often or Always,Often or Always,Yes,Rarely,Sometimes,2021-10-23,2022-02-23,123,1696.0,13.78861789,0.1231126597,790.407,0.0
76,Semidetached,0.7,112,0.6,3.0,16 - 30,0.66,Yes,55438,5,0,1,3,1,4.45,3.65,4.5,1,1,0,0,0.8333333333,"10,001€ - 20,000€",Often or Always,Often or Always,Often or Always,Yes,Rarely,Sometimes,2020-06-26,2020-10-21,117,1681.0,14.36752137,0.1282814408,2.433,400.275
77,Appartment,0.0,87,0.4,2.0,6 - 15,0.33,No,55535,4,0,0,4,0,3.6,3.0,4.0,4,0,4,2,0.9722222222,"20,001€ - 40,000€",Often or Always,Often or Always,Often or Always,No,Rarely,Often or Always,2021-10-21,2022-02-20,122,1464.0,12.0,0.1379310345,722.244,0.0
77,Appartment,0.0,87,0.4,2.0,6 - 15,0.33,No,55535,4,0,0,4,0,3.6,3.0,4.0,4,0,4,2,0.9722222222,"20,001€ - 40,000€",Often or Always,Often or Always,Often or Always,No,Rarely,Often or Always,2021-06-22,2021-10-20,120,1584.0,13.2,0.1517241379,18.633,547.275
78,Appartment,0.0,80,0.2,2.0,16 - 30,0.66,Yes,55535,1,0,0,1,0,0.9,0.75,1.0,0,0,0,0,0.8333333333,"10,001€ - 20,000€",Often or Always,Often or Always,Often or Always,No,Rarely,Sometimes,2021-10-21,2022-02-16,118,2091.0,17.72033898,0.2215042373,695.083,0.0
78,Appartment,0.0,80,0.2,2.0,16 - 30,0.66,Yes,55535,1,0,0,1,0,0.9,0.75,1.0,0,0,0,0,0.8333333333,"10,001€ - 20,000€",Often or Always,Often or Always,Often or Always,No,Rarely,Sometimes,2021-06-18,2021-10-20,124,959.0,7.733870968,0.0966733871,18.633,562.396
79,Appartment,0.0,100,0.4,3.0,6 - 15,0.33,No,56224,5,0,1,4,0,4.35,3.9,4.75,2,0,2,0,0.8888888889,"20,001€ - 40,000€",Often or Always,Often or Always,Rarely,Yes,Rarely,Rarely,2021-09-27,2022-01-28,123,1061.0,8.62601626,0.0862601626,555.811,3.683
80,Appartment,0.0,62,0.2,2.0,16 - 30,0.66,No,56224,4,0,1,3,0,3.45,3.15,3.75,1,1,0,0,0.8333333333,"10,001€ - 20,000€",Rarely,Often or Always,Sometimes,No,Rarely,Rarely,2021-09-27,2022-01-26,121,1444.0,11.9338843,0.1924820048,539.389,3.683
80,Appartment,0.0,62,0.2,2.0,16 - 30,0.66,No,56224,4,0,1,3,0,3.45,3.15,3.75,1,1,0,0,0.8333333333,"10,001€ - 20,000€",Rarely,Often or Always,Sometimes,No,Rarely,Rarely,2021-02-25,2021-06-22,117,1361.0,11.63247863,0.1876206231,237.638,94.754
81,Appartment,0.0,93,0.4,3.0,16 - 30,0.66,No,56224,4,2,0,2,0,2.8,3.5,3.0,1,0,2,2,1.0,"20,001€ - 40,000€",Often or Always,Sometimes,Often or Always,Yes,Rarely,Sometimes,2021-07-28,2022-01-17,173,815.0,4.710982659,0.05065572752,471.603,337.65
82,Appartment,0.0,49,0.0,2.0,6 - 15,0.33,Yes,56224,5,3,2,2,0,4.8,6.3,5.0,1,1,0,0,0.8333333333,"10,001€ - 20,000€",Sometimes,Sometimes,Often or Always,Yes,Rarely,Rarely,2021-08-26,2021-12-29,125,3896.0,31.168,0.6360816327,308.721,101.388
82,Appartment,0.0,49,0.0,2.0,6 - 15,0.33,Yes,56224,5,3,2,2,0,4.8,6.3,5.0,1,1,0,0,0.8333333333,"10,001€ - 20,000€",Sometimes,Sometimes,Often or Always,Yes,Rarely,Rarely,2021-04-26,2021-08-26,122,1807.0,14.81147541,0.3022750084,3.496,604.192
83,Appartment,0.0,80,0.2,3.0,16 - 30,0.66,No,56226,4,0,1,3,0,3.45,3.15,3.75,2,0,1,0,0.8703703704,"40,000€ - 60,000€",Rarely,Often or Always,Often or Always,No,Rarely,Rarely,2021-09-07,2022-01-13,128,1256.0,9.8125,0.12265625,429.297,49.304
83,Appartment,0.0,80,0.2,3.0,16 - 30,0.66,No,56226,4,0,1,3,0,3.45,3.15,3.75,2,0,1,0,0.8703703704,"40,000€ - 60,000€",Rarely,Often or Always,Often or Always,No,Rarely,Rarely,2021-05-11,2021-09-07,119,1622.0,13.6302521,0.1703781513,0.604,642.492
84,Appartment,0.0,64,0.2,2.0,6 - 15,0.33,No,56429,4,0,2,2,0,3.3,3.3,3.5,2,0,0,0,0.8333333333,"10,001€ - 20,000€",Often or Always,Sometimes,Often or Always,No,Rarely,Sometimes,2021-07-09,2022-03-13,247,2342.0,9.481781377,0.148152834,779.781,474.596
84,Appartment,0.0,64,0.2,2.0,6 - 15,0.33,No,56429,4,0,2,2,0,3.3,3.3,3.5,2,0,0,0,0.8333333333,"10,001€ - 20,000€",Often or Always,Sometimes,Often or Always,No,Rarely,Sometimes,2021-03-10,2021-05-10,61,480.0,7.868852459,0.1229508197,185.008,10.175
85,Appartment,0.0,88,0.4,2.0,16 - 30,0.66,No,56533,4,0,0,4,0,3.6,3.0,4.0,2,0,1,1,0.875,"20,001€ - 40,000€",Sometimes,Often or Always,Often or Always,No,Rarely,Rarely,2021-08-31,2022-01-02,124,868.0,7.0,0.07954545455,331.296,71.558
85,Appartment,0.0,88,0.4,2.0,16 - 30,0.66,No,56533,4,0,0,4,0,3.6,3.0,4.0,2,0,1,1,0.875,"20,001€ - 40,000€",Sometimes,Often or Always,Often or Always,No,Rarely,Rarely,2021-04-29,2021-08-30,123,1072.0,8.715447154,0.09903917221,0.775,628.837
86,Appartment,0.0,80,0.2,3.0,16 - 30,0.66,No,56625,5,0,1,4,0,4.35,3.9,4.75,1,1,2,1,0.9027777778,"10,001€ - 20,000€",Sometimes,Sometimes,Often or Always,No,Rarely,Sometimes,2021-08-09,2021-12-09,122,1019.0,8.352459016,0.1044057377,146.45,216.521
86,Appartment,0.0,80,0.2,3.0,16 - 30,0.66,No,56625,5,0,1,4,0,4.35,3.9,4.75,1,1,2,1,0.9027777778,"10,001€ - 20,000€",Sometimes,Sometimes,Often or Always,No,Rarely,Sometimes,2021-05-24,2021-06-29,36,210.0,5.833333333,0.07291666667,0.108,131.983
87,Appartment,0.0,110,0.6,3.0,0 - 5,0.0,Yes,56728,4,0,0,4,0,3.6,3.0,4.0,2,2,3,2,0.9444444444,"20,001€ - 40,000€",Often or Always,Sometimes,Often or Always,Yes,Sometimes,Often or Always,2021-12-21,2022-02-18,59,5455.0,92.45762712,0.8405238829,453.179,0.0
87,Appartment,0.0,110,0.6,3.0,0 - 5,0.0,Yes,56728,4,0,0,4,0,3.6,3.0,4.0,2,2,3,2,0.9444444444,"20,001€ - 40,000€",Often or Always,Sometimes,Often or Always,Yes,Sometimes,Often or Always,2021-06-17,2021-08-14,58,2657.0,45.81034483,0.4164576803,0.0,463.442
88,Semidetached,0.7,180,0.8,4.0,0 - 5,0.0,No,57001,5,0,1,4,0,4.35,3.9,4.75,2,0,1,0,0.8611111111,"20,001€ - 40,000€",Often or Always,Often or Always,Often or Always,Yes,Rarely,Rarely,2022-01-03,2022-03-15,71,1360.0,19.15492958,0.1064162754,494.506,0.0
88,Semidetached,0.7,180,0.8,4.0,0 - 5,0.0,No,57001,5,0,1,4,0,4.35,3.9,4.75,2,0,1,0,0.8611111111,"20,001€ - 40,000€",Often or Always,Often or Always,Often or Always,Yes,Rarely,Rarely,2022-03-29,2022-09-01,156,2056.0,13.17948718,0.07321937322,,
89,Family House,1.0,186,0.8,3.0,6 - 15,0.33,No,57001,3,0,0,3,0,2.7,2.25,3.0,0,0,0,0,0.8333333333,"0 - 10,000€",Often or Always,Sometimes,Rarely,No,Rarely,Rarely,2021-09-02,2022-01-02,122,2483.0,20.35245902,0.1094218227,354.082,55.475
89,Family House,1.0,186,0.8,3.0,6 - 15,0.33,No,57001,3,0,0,3,0,2.7,2.25,3.0,0,0,0,0,0.8333333333,"0 - 10,000€",Often or Always,Sometimes,Rarely,No,Rarely,Rarely,2021-05-05,2021-09-01,119,2482.0,20.85714286,0.1121351767,3.487,567.4
90,Appartment,0.0,138,0.6,2.0,6 - 15,0.33,No,57001,2,0,0,2,0,1.8,1.5,2.0,1,1,2,1,0.9722222222,"10,001€ - 20,000€",Often or Always,Often or Always,Rarely,No,Rarely,Rarely,2021-09-03,2022-01-03,122,1596.0,13.08196721,0.09479686386,362.608,52.5
90,Appartment,0.0,138,0.6,2.0,6 - 15,0.33,No,57001,2,0,0,2,0,1.8,1.5,2.0,1,1,2,1,0.9722222222,"10,001€ - 20,000€",Often or Always,Often or Always,Rarely,No,Rarely,Rarely,2021-04-29,2021-09-03,127,1674.0,13.18110236,0.09551523451,4.037,577.9
91,Appartment,0.0,110,0.6,3.0,6 - 15,0.33,No,57001,4,2,0,2,0,2.8,3.5,3.0,2,0,2,2,1.0,"άνω των 60,0001€",Often or Always,Often or Always,Often or Always,No,Often or Always,Sometimes,2021-09-01,2021-12-31,121,2050.0,16.94214876,0.1540195342,338.604,60.196
91,Appartment,0.0,110,0.6,3.0,6 - 15,0.33,No,57001,4,2,0,2,0,2.8,3.5,3.0,2,0,2,2,1.0,"άνω των 60,0001€",Often or Always,Often or Always,Often or Always,No,Often or Always,Sometimes,2021-05-01,2021-08-31,122,1375.0,11.2704918,0.1024590164,3.496,567.262
92,Appartment,0.0,77,0.2,2.0,0 - 5,0.0,No,57001,4,0,1,3,0,3.45,3.15,3.75,1,0,2,0,0.9074074074,"10,001€ - 20,000€",Often or Always,Sometimes,Often or Always,Yes,Rarely,Sometimes,2021-08-30,2021-12-29,121,839.0,6.933884298,0.09005044542,329.908,69.887
93,Semidetached,0.7,190,0.8,3.0,6 - 15,0.33,No,57001,3,1,0,2,0,2.3,2.5,2.5,2,0,2,2,1.0,"40,000€ - 60,000€",Often or Always,Sometimes,Rarely,Yes,Rarely,Sometimes,2021-09-01,2021-12-31,121,1695.0,14.00826446,0.0737277077,338.604,60.196
93,Semidetached,0.7,190,0.8,4.0,6 - 15,0.33,No,57001,3,1,0,2,0,2.3,2.5,2.5,2,0,2,2,1.0,"40,000€ - 60,000€",Often or Always,Sometimes,Rarely,Yes,Rarely,Sometimes,2020-12-31,2021-05-01,121,1633.0,13.49586777,0.07103088299,647.754,0.979
93,Semidetached,0.7,190,0.8,3.0,6 - 15,0.33,No,57001,3,1,0,2,0,2.3,2.5,2.5,2,0,2,2,1.0,"40,000€ - 60,000€",Often or Always,Sometimes,Rarely,Yes,Rarely,Sometimes,2021-05-01,2021-09-01,123,1817.0,14.77235772,0.07774925118,3.496,571.983
93,Semidetached,0.7,190,0.8,4.0,6 - 15,0.33,No,57001,3,1,0,2,0,2.3,2.5,2.5,2,0,2,2,1.0,"40,000€ - 60,000€",Often or Always,Sometimes,Rarely,Yes,Rarely,Sometimes,2020-05-04,2020-08-29,117,1397.0,11.94017094,0.06284300495,8.554,409.717
94,Semidetached,0.7,165,0.8,6.0,16 - 30,0.66,No,57001,3,0,0,3,0,2.7,2.25,3.0,2,0,2,1,0.9259259259,"άνω των 60,0001€",Often or Always,Often or Always,Often or Always,No,Rarely,Sometimes,2021-08-31,2021-12-30,121,1063.0,8.785123967,0.05324317556,334.683,64.396
94,Semidetached,0.7,165,0.8,6.0,16 - 30,0.66,No,57001,3,0,0,3,0,2.7,2.25,3.0,2,0,2,1,0.9259259259,"άνω των 60,0001€",Often or Always,Often or Always,Often or Always,No,Rarely,Sometimes,2021-04-28,2021-08-31,125,1847.0,14.776,0.08955151515,5.325,567.971
95,Semidetached,0.7,191,0.8,4.0,6 - 15,0.33,No,57001,4,1,1,2,0,3.05,3.4,3.25,2,0,1,0,0.8888888889,"10,001€ - 20,000€",Sometimes,Sometimes,Rarely,No,Rarely,Sometimes,2021-09-01,2021-12-31,121,2719.0,22.47107438,0.1176496041,338.604,60.196
95,Semidetached,0.7,191,0.8,4.0,6 - 15,0.33,No,57001,4,1,1,2,0,3.05,3.4,3.25,2,0,1,0,0.8888888889,"10,001€ - 20,000€",Sometimes,Sometimes,Rarely,No,Rarely,Sometimes,2021-05-01,2021-09-01,123,1946.0,15.82113821,0.08283318435,3.496,571.983
96,Semidetached,0.7,180,0.8,3.0,6 - 15,0.33,Yes,57001,2,0,0,2,0,1.8,1.5,2.0,2,0,2,2,1.0,"40,000€ - 60,000€",Often or Always,Often or Always,Often or Always,No,Rarely,Rarely,2021-09-06,2022-01-06,122,942.0,7.721311475,0.04289617486,390.462,46.783
96,Semidetached,0.7,180,0.8,3.0,6 - 15,0.33,Yes,57001,2,0,0,2,0,1.8,1.5,2.0,2,0,2,2,1.0,"40,000€ - 60,000€",Often or Always,Often or Always,Often or Always,No,Rarely,Rarely,2021-01-08,2021-05-09,121,992.0,8.198347107,0.04554637282,619.912,9.238
97,Family House,1.0,117,0.6,3.0,6 - 15,0.33,No,57003,4,0,0,4,0,3.6,3.0,4.0,0,0,1,0,0.8611111111,"20,001€ - 40,000€",Often or Always,Often or Always,Often or Always,Yes,Rarely,Rarely,2021-09-01,2022-01-02,123,2081.0,16.91869919,0.1446042666,429.522,63.892
98,Semidetached,0.7,180,0.8,5.0,16 - 30,0.66,No,57010,3,1,0,2,0,2.3,2.5,2.5,2,0,2,1,0.9722222222,"άνω των 60,0001€",Often or Always,Rarely,Often or Always,Yes,Rarely,Rarely,2021-09-30,2022-01-29,121,1364.0,11.27272727,0.06262626263,647.81,0.012
98,Semidetached,0.7,180,0.8,5.0,16 - 30,0.66,No,57010,3,1,0,2,0,2.3,2.5,2.5,2,0,2,1,0.9722222222,"άνω των 60,0001€",Often or Always,Rarely,Often or Always,Yes,Rarely,Rarely,2021-01-29,2021-05-29,120,1281.0,10.675,0.05930555556,483.346,26.608
99,Appartment,0.0,75,0.2,2.0,6 - 15,0.33,No,57010,3,0,0,1,2,2.9,1.75,2.5,0,0,2,0,0.9074074074,"0 - 10,000€",Sometimes,Rarely,Often or Always,No,Rarely,Rarely,2021-09-28,2022-01-27,121,705.0,5.826446281,0.07768595041,633.136,0.642
100,Semidetached,0.7,198,0.8,3.0,16 - 30,0.66,No,57010,3,1,0,2,0,2.3,2.5,2.5,2,0,1,0,0.8888888889,"10,001€ - 20,000€",Often or Always,Often or Always,Rarely,No,Sometimes,Sometimes,2020-09-29,2021-02-01,125,829.0,6.632,0.03349494949,483.479,8.671
100,Semidetached,0.7,198,0.8,3.0,16 - 30,0.66,No,57010,3,1,0,2,0,2.3,2.5,2.5,2,0,1,0,0.8888888889,"10,001€ - 20,000€",Often or Always,Often or Always,Rarely,No,Sometimes,Sometimes,2021-05-31,2021-09-29,121,1365.0,11.28099174,0.05697470574,3.504,527.996
101,Appartment,0.0,82,0.4,2.0,16 - 30,0.66,No,57019,4,0,1,3,0,3.45,3.15,3.75,1,0,2,1,0.9259259259,"40,000€ - 60,000€",Often or Always,Sometimes,Often or Always,Yes,Rarely,Rarely,2021-08-28,2021-12-29,123,1455.0,11.82926829,0.1442593694,327.808,60.613
101,Appartment,0.0,82,0.4,2.0,16 - 30,0.66,No,57019,4,0,1,3,0,3.45,3.15,3.75,1,0,2,1,0.9259259259,"40,000€ - 60,000€",Often or Always,Sometimes,Often or Always,Yes,Rarely,Rarely,2021-04-28,2021-08-28,122,1812.0,14.85245902,0.181127549,4.075,423.192
102,Family House,1.0,190,0.8,5.0,16 - 30,0.66,No,57200,2,0,0,1,1,1.9,1.25,1.75,0,1,0,0,0.8333333333,"0 - 10,000€",Sometimes,Often or Always,Often or Always,No,Rarely,Often or Always,2021-08-26,2021-12-28,124,651.0,5.25,0.02763157895,557.829,84.787
102,Family House,1.0,190,0.8,5.0,16 - 30,0.66,No,57200,2,0,0,1,1,1.9,1.25,1.75,0,1,0,0,0.8333333333,"0 - 10,000€",Sometimes,Often or Always,Often or Always,No,Rarely,Often or Always,2021-04-25,2021-08-26,123,583.0,4.739837398,0.02494651262,64.7,439.212
103,Semidetached,0.7,116,0.6,3.0,6 - 15,0.33,No,57300,1,0,0,1,0,0.9,0.75,1.0,1,0,1,1,1.0,"10,001€ - 20,000€",Sometimes,Sometimes,Rarely,No,Rarely,Sometimes,2021-10-17,2022-02-16,122,1170.0,9.590163934,0.08267382702,881.603,0.042
103,Semidetached,0.7,116,0.6,3.0,6 - 15,0.33,No,57300,1,0,0,1,0,0.9,0.75,1.0,1,0,1,1,1.0,"10,001€ - 20,000€",Sometimes,Sometimes,Rarely,No,Rarely,Sometimes,2021-06-09,2021-09-22,105,156.0,1.485714286,0.01280788177,0.462,369.321
104,Family House,1.0,140,0.6,3.0,6 - 15,0.33,No,57500,4,2,0,2,0,2.8,3.5,3.0,2,0,2,2,1.0,"40,000€ - 60,000€",Often or Always,Often or Always,Often or Always,No,Rarely,Rarely,2020-10-12,2021-02-10,121,2438.0,20.14876033,0.1439197166,483.492,1.917
104,Family House,1.0,140,0.6,3.0,6 - 15,0.33,No,57500,4,2,0,2,0,2.8,3.5,3.0,2,0,2,2,1.0,"40,000€ - 60,000€",Often or Always,Often or Always,Often or Always,No,Rarely,Rarely,2020-06-11,2020-10-11,122,1909.0,15.64754098,0.1117681499,0.112,378.833
105,Appartment,0.0,86,0.4,3.0,16 - 30,0.66,No,58100,4,0,1,3,0,3.45,3.15,3.75,1,1,0,0,0.8333333333,"10,001€ - 20,000€",Often or Always,Sometimes,Often or Always,Yes,Rarely,Sometimes,2021-09-30,2022-01-27,119,1170.0,9.831932773,0.1143247997,774.183,1.354
105,Appartment,0.0,86,0.4,3.0,16 - 30,0.66,No,58100,4,0,1,3,0,3.45,3.15,3.75,1,1,0,0,0.8333333333,"10,001€ - 20,000€",Often or Always,Sometimes,Often or Always,Yes,Rarely,Sometimes,2021-05-31,2021-09-29,121,1249.0,10.32231405,0.1200269076,8.562,566.904
106,Semidetached,0.7,128,0.6,3.0,16 - 30,0.66,Yes,58200,2,0,0,2,0,1.8,1.5,2.0,2,0,0,0,0.8333333333,"20,001€ - 40,000€",Often or Always,Often or Always,Often or Always,Yes,Rarely,Rarely,2020-11-16,2021-03-16,120,2400.0,20.0,0.15625,851.783,0.0
106,Semidetached,0.7,128,0.6,3.0,16 - 30,0.66,Yes,58200,2,0,0,2,0,1.8,1.5,2.0,2,0,0,0,0.8333333333,"20,001€ - 40,000€",Often or Always,Often or Always,Often or Always,Yes,Rarely,Rarely,2021-07-16,2021-11-16,123,2500.0,20.32520325,0.1587906504,138.633,346.367
107,Appartment,0.0,100,0.4,2.0,30+,1.0,Yes,58200,2,0,0,2,0,1.8,1.5,2.0,2,0,2,0,0.9444444444,"20,001€ - 40,000€",Often or Always,Often or Always,Often or Always,No,Rarely,Rarely,2021-11-02,2022-01-08,67,1276.0,19.04477612,0.1904477612,484.468,0.308
107,Appartment,0.0,100,0.4,2.0,30+,1.0,Yes,58200,2,0,0,2,0,1.8,1.5,2.0,2,0,2,0,0.9444444444,"20,001€ - 40,000€",Often or Always,Often or Always,Often or Always,No,Rarely,Rarely,2021-04-02,2021-08-01,121,1350.0,11.15702479,0.1115702479,92.979,385.238
108,Appartment,0.0,75,0.2,3.0,30+,1.0,Yes,59131,2,0,0,2,0,1.8,1.5,2.0,1,0,1,0,0.8888888889,"10,001€ - 20,000€",Often or Always,Sometimes,Often or Always,Yes,Rarely,Rarely,2021-10-22,2022-02-20,121,8029.0,66.3553719,0.884738292,919.025,0.375
108,Appartment,0.0,75,0.2,3.0,30+,1.0,Yes,59131,2,0,0,2,0,1.8,1.5,2.0,1,0,1,0,0.8888888889,"10,001€ - 20,000€",Often or Always,Sometimes,Often or Always,Yes,Rarely,Rarely,2021-06-22,2021-10-21,121,2060.0,17.02479339,0.2269972452,44.829,513.404
109,Appartment,0.0,107,0.6,3.0,30+,1.0,No,59132,2,0,0,0,2,2.0,1.0,1.5,0,0,0,0,0.8333333333,"0 - 10,000€",Often or Always,Rarely,Sometimes,Yes,Rarely,Rarely,2021-07-30,2021-11-30,123,1559.0,12.67479675,0.1184560444,205.346,264.883
109,Appartment,0.0,107,0.6,3.0,30+,1.0,No,59132,2,0,0,0,2,2.0,1.0,1.5,0,0,0,0,0.8333333333,"0 - 10,000€",Often or Always,Rarely,Sometimes,Yes,Rarely,Rarely,2021-02-14,2021-07-29,165,1291.0,7.824242424,0.07312376097,407.787,360.696
110,Appartment,0.0,120,0.6,3.0,6 - 15,0.33,No,62125,4,0,0,4,0,3.6,3.0,4.0,2,0,2,0,0.8888888889,"20,001€ - 40,000€",Often or Always,Sometimes,Often or Always,No,Rarely,Rarely,2021-11-18,2022-03-16,118,981.0,8.313559322,0.06927966102,1006.008,0.0
110,Appartment,0.0,120,0.6,3.0,6 - 15,0.33,No,62125,4,0,0,4,0,3.6,3.0,4.0,2,0,2,0,0.8888888889,"20,001€ - 40,000€",Often or Always,Sometimes,Often or Always,No,Rarely,Rarely,2021-07-15,2021-11-17,125,981.0,7.848,0.0654,175.283,335.367
111,Semidetached,0.7,64,0.2,2.0,16 - 30,0.66,No,63200,2,0,0,1,1,1.9,1.25,1.75,0,0,1,0,0.8888888889,"20,001€ - 40,000€",Rarely,Rarely,Often or Always,No,Rarely,Rarely,2021-08-14,2021-12-15,123,403.0,3.276422764,0.05119410569,192.458,123.846
112,Family House,1.0,400,1.0,5.0,16 - 30,0.66,No,64007,4,1,1,3,0,3.95,4.15,4.25,2,0,3,1,0.962962963,"20,001€ - 40,000€",Sometimes,Often or Always,Often or Always,Yes,Rarely,Rarely,2021-10-01,2022-02-28,150,3500.0,23.33333333,0.05833333333,873.46,0.04
112,Family House,1.0,400,1.0,5.0,16 - 30,0.66,No,64007,4,1,1,3,0,3.95,4.15,4.25,2,0,3,1,0.962962963,"20,001€ - 40,000€",Sometimes,Often or Always,Often or Always,Yes,Rarely,Rarely,2021-06-01,2021-09-30,121,1600.0,13.2231405,0.03305785124,4.09,487.94
113,Semidetached,0.7,120,0.6,3.0,6 - 15,0.33,No,85103,4,0,0,4,0,3.6,3.0,4.0,2,0,1,0,0.8611111111,"20,001€ - 40,000€",Sometimes,Often or Always,Often or Always,Yes,Rarely,Sometimes,2021-08-02,2021-12-01,121,538.0,4.446280992,0.0370523416,2.317,299.488
113,Semidetached,0.7,120,0.6,3.0,6 - 15,0.33,No,85103,4,0,0,4,0,3.6,3.0,4.0,2,0,1,0,0.8611111111,"20,001€ - 40,000€",Sometimes,Often or Always,Often or Always,Yes,Rarely,Sometimes,2020-04-06,2020-08-07,123,,0.0,0.0,7.338,239.079
